{
  "model": "hybrid_A_yolo26s+transformer",
  "split": "subset_05",
  "description": "YOLO26s feature extractor (frozen) + Transformer encoder head",
  "epochs_run": 31,
  "best_val_acc": 0.800000011920929,
  "test_acc": 0.9217391014099121,
  "test_f1": 0.9097776412963867,
  "test_precision": 0.9187856912612915,
  "test_recall": 0.9074681997299194,
  "test_loss": 0.21385785937309265,
  "confusion_matrix": [
    [
      42,
      3,
      8
    ],
    [
      3,
      102,
      3
    ],
    [
      0,
      1,
      68
    ]
  ],
  "classes": [
    "Necrotic-Tumor",
    "Non-Tumor",
    "Viable-Tumor"
  ]
}