{
  "model": "hybrid_C_efficientnet_v2_s+attention",
  "split": "subset_10",
  "description": "EfficientNetV2-S backbone (frozen) + Multi-Head Self-Attention head",
  "epochs_run": 46,
  "best_val_acc": 0.8999999761581421,
  "test_acc": 0.8478260636329651,
  "test_f1": 0.8437024354934692,
  "test_precision": 0.8380763530731201,
  "test_recall": 0.8509378433227539,
  "test_loss": 0.5279161930084229,
  "confusion_matrix": [
    [
      44,
      8,
      1
    ],
    [
      10,
      89,
      9
    ],
    [
      3,
      4,
      62
    ]
  ],
  "classes": [
    "Necrotic-Tumor",
    "Non-Tumor",
    "Viable-Tumor"
  ]
}