{
  "model": "hybrid_B_yolo26s+efficientnet_v2_s_ensemble",
  "split": "subset_25",
  "description": "Ensemble YOLO26s (0.3) + EfficientNetV2-S (0.7)",
  "best_val_acc": 0.978723406791687,
  "ensemble_weight_yolo": 0.3,
  "test_acc": 0.908695638179779,
  "test_f1": 0.9030417306364183,
  "test_precision": 0.901831640309834,
  "test_recall": 0.9084176465226506,
  "confusion_matrix": [
    [
      49,
      4,
      0
    ],
    [
      7,
      99,
      2
    ],
    [
      5,
      3,
      61
    ]
  ],
  "classes": [
    "Necrotic-Tumor",
    "Non-Tumor",
    "Viable-Tumor"
  ]
}