{
  "model": "hybrid_A_yolo26s+transformer",
  "split": "subset_10",
  "description": "YOLO26s feature extractor (frozen) + Transformer encoder head",
  "epochs_run": 33,
  "best_val_acc": 1.0,
  "test_acc": 0.917391300201416,
  "test_f1": 0.9073375463485718,
  "test_precision": 0.912044882774353,
  "test_recall": 0.917221188545227,
  "test_loss": 0.28338927030563354,
  "confusion_matrix": [
    [
      52,
      1,
      0
    ],
    [
      6,
      102,
      0
    ],
    [
      10,
      2,
      57
    ]
  ],
  "classes": [
    "Necrotic-Tumor",
    "Non-Tumor",
    "Viable-Tumor"
  ]
}