{
  "model": "hybrid_A_yolo26s+transformer",
  "split": "full",
  "description": "YOLO26s feature extractor (frozen) + Transformer encoder head",
  "epochs_run": 23,
  "best_val_acc": 0.9402173757553101,
  "test_acc": 0.9434782862663269,
  "test_f1": 0.9401176571846008,
  "test_precision": 0.9412587285041809,
  "test_recall": 0.9398009777069092,
  "test_loss": 0.21418988704681396,
  "confusion_matrix": [
    [
      50,
      3,
      0
    ],
    [
      2,
      104,
      2
    ],
    [
      3,
      3,
      63
    ]
  ],
  "classes": [
    "Necrotic-Tumor",
    "Non-Tumor",
    "Viable-Tumor"
  ]
}