{
  "model": "hybrid_C_efficientnet_v2_s+attention",
  "split": "full",
  "description": "EfficientNetV2-S backbone (frozen) + Multi-Head Self-Attention head",
  "epochs_run": 45,
  "best_val_acc": 0.945652186870575,
  "test_acc": 0.939130425453186,
  "test_f1": 0.9351348876953125,
  "test_precision": 0.9318903684616089,
  "test_recall": 0.9387450218200684,
  "test_loss": 0.2596880793571472,
  "confusion_matrix": [
    [
      49,
      3,
      1
    ],
    [
      4,
      101,
      3
    ],
    [
      2,
      1,
      66
    ]
  ],
  "classes": [
    "Necrotic-Tumor",
    "Non-Tumor",
    "Viable-Tumor"
  ]
}