{
  "model": "hybrid_B_yolo26s+efficientnet_v2_s_ensemble",
  "split": "subset_10",
  "description": "Ensemble YOLO26s (0.3) + EfficientNetV2-S (0.7)",
  "best_val_acc": 0.8999999761581421,
  "ensemble_weight_yolo": 0.3,
  "test_acc": 0.8999999761581421,
  "test_f1": 0.8987867315926618,
  "test_precision": 0.8904589371980677,
  "test_recall": 0.9153424685281398,
  "confusion_matrix": [
    [
      52,
      1,
      0
    ],
    [
      10,
      92,
      6
    ],
    [
      3,
      3,
      63
    ]
  ],
  "classes": [
    "Necrotic-Tumor",
    "Non-Tumor",
    "Viable-Tumor"
  ]
}